"   Ноутбук Lenovo Ideapad IP3 Intel Celeron N4020, 8GB, 500GB SSD m.2 NVMe, 15.6"" (1920X1080) FULL HD IPS, WiFi, Bluetooth, DOS, Platinum Grey [81WQ00Q7AK](*id 12)https://www.link.kg/catalog/1/ ", *  24200.4 ⊆  * ,268 $
"   Acer A515-56 i5-1135G7 2.4-4.2GHz,8GB,SSD 256GB,Iris Xe Graphics,15.6"" FHD,RUS,BLACK (12мес сканер отпечатков пальцев)https://www.link.kg/catalog/1/ ", *  42170.1 ⊆  * ,467 $
"   HP Probook 450 G8 Intel Core i3-1125G4 (4ядра, 8потоков, up to 3.7Ghz), 16GB, 512GB M.2 NVMe PCIe, Intel UHD Graphics 620, 15.6"" IPS FULL HD (1920x1080), WiFi, BT, Cam, LAN RJ45, DOS, Eng-Rushttps://www.link.kg/catalog/1/ ", *  64564.5 ⊆  * ,715 $
"   Ноутбук Lenovo V15 G2 ITL Intel Core i5-1135G7(up to 4.2Ghz),12GB DDR4,500GB SSD m.2 NVMe,Int Intel Iris Xe,15.6 LED FHD(1920x1080),LAN,RJ-45,HD Webcam,Wi-Fi ,Bluetooth 5.0,DOS,чёрн,сумка[82KB014HAK](*id 12)https://www.link.kg/catalog/1/ ", *  42079.8 ⊆  * ,466 $
"   Ноутбук ASUS X509FA-BR952T Intel Core i3-10110U (4M Cache, up to 4,10 GHz) ,20GB DDR4, 1TB SSD ,Intel UHD Graphics 620,15.6"" HD , Webcam,Wi-Fi ,Bluetooth ,Win10H, Silver [90NB0MZ1-M17820](*id 12)https://www.link.kg/catalog/1/ ", *  38738.7 ⊆  * ,429 $
 Тросик для ноутбука с ключом https://www.link.kg/catalog/1/41200204,*  180.6 ⊆   *,2 $
" Second Caddy HDD вместо DVD для ноутбуков 12,7mm SATA https://www.link.kg/catalog/1/41200201",*  451.5 ⊆   *,5 $
" ПК в сборе GA-H310M, G4900, SSD 240GB, DDR4 8GB, 350W, Intel ORIGINAL, WSC(*id 12) https://www.link.kg/catalog/1/41492904",*  13545 ⊆   *,150 $
" Mini PC SHARE w, o 1200LGA 2xSODIMM DDR4 2666Hz, 1xMPCIE (128-1TB M.2), WiFi, Bluetooth, VGA, HDMI, 4xUSB, LAN, Audio [FXH510](*id 12) https://www.link.kg/catalog/1/41492935",*  17247.3 ⊆   *,191 $
" Lenovo V15 Celeron DC N4020 1.1-2.8GHz,4GB,500GB,15.6""HD,RUS,DOS HDMI, IRON GRAY https://www.link.kg/catalog/1/41503214",*  19414.5 ⊆   *,215 $
" Ноутбук Lenovo V15, Celeron N4020(up to 2.8Ghz), 4GB, 128GB SSD m.2 NVMe, 15,6"" HDLED, Intel UHD Graphics 600, без привода, WiFi+BT, HD Web Camera, FreeDOS, Iron Grey, Eng-Rus, бесшумный [82C3001NUE](*id 12) https://www.link.kg/catalog/1/41493318",*  19595.1 ⊆   *,217 $
" Lenovo V15 Celeron DC N4020 1.1-2.8GHz,4GB,1TB,15.6""HD,RUS,DOS HDMI, IRON GRAY https://www.link.kg/catalog/1/41503213",*  19595.1 ⊆   *,217 $
" Lenovo V15 Celeron DC N4020 1.1-2.8GHz,4GB,SSD 240GB,15.6""HD,RUS,DOS HDMI, IRON GRAY https://www.link.kg/catalog/1/41503216",*  20046.6 ⊆   *,222 $
" Ноутбук Lenovo V15 IGL, Celeron N4020 (up to 2.8Ghz), 4GB, 256GB SSD m.2 NVMe, 15,6""HD(1366х768),Intel UHD Graphics 600,без привода,WiFi+BT,HD Web Camera,FreeDOS, Eng-Rus,Iron Grey,бесшум [82C3001NAK](*id 12) https://www.link.kg/catalog/1/41493322",*  20136.9 ⊆   *,223 $
" Lenovo IP3 Celeron DC N4020 1.1-2.8GHz,4GB,SSD 120GB,15.6""HD,RUS,DOS HDMI, PLATINUM GRAY ( СЦ) https://www.link.kg/catalog/1/41503188",*  21130.2 ⊆   *,234 $
" Ноутбук Lenovo V15 IGL, Celeron N4020 (up to 2.8Ghz), 4GB, 256GB SSD m.2 NVMe+1TB HDD, 15,6"" HD (1366х768), Intel UHD Graphics 600, без привода, WiFi+BT, HD Web Camera, FreeDOS, Eng-Rus, Iron Grey, бесшумный [82C3001NAK](*id 12) https://www.link.kg/catalog/1/41493321",*  21220.5 ⊆   *,235 $
" Lenovo IP3 Celeron DC N4020 1.1-2.8GHz,4GB,1TB,15.6""HD,RUS,DOS HDMI, BLACK https://www.link.kg/catalog/1/41503185",*  21581.7 ⊆   *,239 $
" новая позиция1Ноутбук HP 250 G8 Intel Celeron N4020 (1.10-2.80GHz), 4GB DDR4, 1TB HDD, Intel UHD Graphics 600, 15.6""HD LED, WiFi, Bluetooth, LAN, DOS, бесшумный, серый(*id 12) https://www.link.kg/catalog/1/41493328",*  21581.7 ⊆   *,239 $
" Ноутбук Lenovo V15-82C3 Intel N4020 1.1-2.8GHz,4GB,SSD480Gb,15""HD,HDMI, IRON GRAY,NO DVDRW,Rus+Eng https://www.link.kg/catalog/1/41483614",*  23478 ⊆   *,260 $
" Ноутбук Gateway GWTN156 Intel Pentium Quad Core N5030 (up to 3.1Ghz), 4GB DDR4, 128GB SSD, Intel® UHD Graphics 605, 15.6"" LED FULL HD (1920x1080), WiFi, BT, Cam, Win10 S, Grey [GWTN156-11BK](*id 12) https://www.link.kg/catalog/1/41493316",*  22575 ⊆   *,250 $
" Ноутбук Gateway GWTN156 Intel Pentium Quad Core N5030 (up to 3.1Ghz), 4GB DDR4, 128GB SSD+1TB HDD, Intel® UHD Graphics 605, 15.6"" LED FULL HD(1920x1080), WiFi, BT, Cam, Win10 S, серый, бесшумный [GWTN156-11BK](*id 12) https://www.link.kg/catalog/1/41493315",*  22755.6 ⊆   *,252 $
" Lenovo IP3 Celeron DC N4020 1.1-2.8GHz,4GB,SSD 480GB,15.6""HD,RUS,DOS HDMI, BLACK https://www.link.kg/catalog/1/41503187",*  22755.6 ⊆   *,252 $
" Lenovo IP3 Celeron N4020 1.1-2.8GHz,4GB,1TB,15.6"" FHD,RUS,DOS HDMI, BLACK https://www.link.kg/catalog/1/41503189",*  23116.8 ⊆   *,256 $
" Notebook YEPO Silver Intel Quad Core J3455 (up to 2.3Ghz), 8GB, 128GB SSD, Intel HD Graphics, 15.6"" IPS FULL HD (1920x1080), WiFi, BT, HD WebCam, UltraSlim, Eng-Rus https://www.link.kg/catalog/1/41373539",*  23929.5 ⊆   *,265 $
" Ноутбук Gateway GWTN156 Intel Pentium Quad Core N5030 (up to 3.1Ghz), 4GB DDR4, 128GB SSD+500GB SSD, Intel® UHD Graphics 605, 15.6"" LED FULL HD(1920x1080), WiFi, BT, Cam, Win10 S, серый, бесшумный [GWTN156-11BK](*id 12) https://www.link.kg/catalog/1/41493313",*  23748.9 ⊆   *,263 $
" новая позиция1Ноутбук HP 250 G8 Intel Celeron N4020 (1.10-2.80GHz), 8GB DDR4, 480GB SSD, Intel UHD Graphics 600, 15.6""HD LED, WiFi, Bluetooth, LAN, DOS, бесшумный, серый(*id 12) https://www.link.kg/catalog/1/41493327",*  23929.5 ⊆   *,265 $
" Lenovo Ideapad V14 Iron Gray Intel Dual Core N4020 (up to 2.8Ghz), 4GB, 500GB, AMD Radeon™ Graphics, 14.0"" LED, WiFi, BT, Cam, DOS, Eng-Rus https://www.link.kg/catalog/1/41374251",*  25103.4 ⊆   *,278 $
" Lenovo Ideapad V14 Iron Gray Intel Dual Core N4020 (up to 2.8Ghz), 4GB, 1TB, AMD Radeon™ Graphics, 14.0"" LED, WiFi, BT, Cam, DOS, Eng-Rus https://www.link.kg/catalog/1/41374241",*  25284 ⊆   *,280 $
" Lenovo V15 G4 AMN (82YU0044UE) AMD Atlon Silver 7120U (up to 3.5Ghz), 15.6"" LED FULL HD (1920 x 1080), 8GB DDR5-4800Mhz, 128GB SSD PCIe NVMe M.2, AMD Radeon 610M Graphics, WiFi, BT 5.1, HD 720P Cam, LAN, RJ45, USB Type-C, замок Kensington, Eng-Rus DO https://www.link.kg/catalog/1/41488261",*  26548.2 ⊆   *,294 $
" Ноутбук Lenovo V14-82C2 Intel N4020 1.1-2.8GHz,4GB,1TB,14""HD,HDMI, IRON GRAY,NO DVDRW,Rus+Eng+сумка https://www.link.kg/catalog/1/41503514",*  27090 ⊆   *,300 $
" Lenovo V15 G4 AMN (82YU0044UE) AMD Atlon Silver 7120U (up to 3.5Ghz), 15.6"" LED FULL HD (1920 x 1080), 8GB DDR5-4800Mhz, 256GB SSD PCIe 4.0x4 NVMe M.2, AMD Radeon 610M Graphics, WiFi, BT 5.1, HD 720P Cam, LAN, RJ45, USB Type-C, замок Kensington, Eng- https://www.link.kg/catalog/1/41488262",*  26999.7 ⊆   *,299 $
" Lenovo IdeaPad 3 15IGL05 (81WQ00JBRK) Intel Pentium N5030 (Quard 4 ядра, 4 потока up to 3.1Ghz), 15.6"" LED FULL HD (1920 x 1080) IPS, 8GB, 120GB SSD, Intel HD Graphics 605, Wi-Fi, BT5.0, Cam, DOS, Eng-Rus, PLATINUM GREY https://www.link.kg/catalog/1/41488273",*  27090 ⊆   *,300 $
" Ноутбук Gateway ULTRA SLIM i3-1115G4 (up to 4.1Ghz), 4GB, 128GB SSD M.2, HD Graphics 620, 15.6"" FULL HD LED, WiFi, BT, Cam, Win11, чехол и мышь в комплекте, серый [GWNC31514-BK](*id 12) https://www.link.kg/catalog/1/41493215",*  25735.5 ⊆   *,285 $
" Lenovo Ideapad 3 Silver Intel Dual Core N4020 (up to 2.8Ghz), 4GB, 128GB SSD, Intel HD Graphics, 15.6"" LED, WiFi, BT, Cam, DOS, Eng-Rus https://www.link.kg/catalog/1/41374244",*  26457.9 ⊆   *,293 $
" Lenovo Ideapad 3 Silver Intel Dual Core N4020 (up to 2.8Ghz), 4GB, 1TB, Intel HD Graphics, 15.6"" LED, WiFi, BT, Cam, DOS, Eng-Rus https://www.link.kg/catalog/1/41374243",*  26638.5 ⊆   *,295 $
" Lenovo V14 Celeron DC N4020 1.1-2.8GHz,4GB,1TB,14""HD,RUS,DOS HDMI, IRON GRAY ( СЦ) https://www.link.kg/catalog/1/41503211",*  26096.7 ⊆   *,289 $
" Lenovo IdeaPad 3 15IGL05 (81WQ00JBRK) Intel Pentium N5030 (Quard 4 ядра, 4 потока up to 3.1Ghz), 15.6"" LED FULL HD (1920 x 1080) IPS, 8GB, 256GB SSD, Intel HD Graphics 605, Wi-Fi, BT5.0, Cam, DOS, Eng-Rus, PLATINUM GREY https://www.link.kg/catalog/1/41488274",*  27541.5 ⊆   *,305 $
" HP 250 G8 Black Intel Dual Core N4020 (up to 2.8Ghz), 4GB, 500GB, Intel HD Graphics, 15.6"" LED HD, WiFi, BT, Cam, DOS, Eng-Rus https://www.link.kg/catalog/1/41374371",*  26638.5 ⊆   *,295 $
" Lenovo V15 i3-10110U 2.1-4.1 GHz,4GB,SSD 120GB,15.6""HD,RUS,DOS HDMI, IRON GRAY https://www.link.kg/catalog/1/41503175",*  26548.2 ⊆   *,294 $
" Lenovo Ideapad 3 Silver Intel Dual Core N4020 (up to 2.8Ghz), 4GB, 256GB SSD, Intel HD Graphics, 15.6"" LED, WiFi, BT, Cam, DOS, Eng-Rus https://www.link.kg/catalog/1/41374245",*  27090 ⊆   *,300 $
" Acer Aspire A315-34 Black Intel N4020 (up to 2.8Ghz), 4GB, 256GB M.2 NVMe PCIe, Intel HD Graphics, 15.6"" LED FULL HD (1920x1080), WiFi, LAN RJ45, BT, Cam, DOS, Eng-Rus https://www.link.kg/catalog/1/41375138",*  27090 ⊆   *,300 $
" Lenovo Ideapad V14 Iron Gray Intel Dual Core N4020 (up to 2.8Ghz), 4GB, 512GB M.2 NVMe PCIe, AMD Radeon™ Graphics, 14.0"" LED, WiFi, BT, Cam, DOS, Eng-Rus https://www.link.kg/catalog/1/41374250",*  27180.3 ⊆   *,301 $
" Lenovo V15 G4 AMN (82YU0044UE) AMD Atlon Silver 7120U (up to 3.5Ghz), 15.6"" LED FULL HD (1920 x 1080), 8GB DDR5-4800Mhz, 512GB SSD PCIe NVMe M.2, AMD Radeon 610M Graphics, WiFi, BT 5.1, HD 720P Cam, LAN, RJ45, USB Type-C, замок Kensington, Eng-Rus DO https://www.link.kg/catalog/1/41488279",*  28354.2 ⊆   *,314 $
" Lenovo V15 i3-10110U 2.1-4.1 GHz,4GB,SSD 240GB,15.6""HD,RUS,DOS HDMI, IRON GRAY https://www.link.kg/catalog/1/41503172",*  26999.7 ⊆   *,299 $
" Lenovo Ideapad S145-15API Silver AMD 3020e (up to 2.6Ghz), 4GB, 1TB, AMD Radeon™ Graphics, 15.6"" LED, WiFi, BT, Cam, DOS, Eng-Rus https://www.link.kg/catalog/1/41374234",*  27541.5 ⊆   *,305 $
" HP 250 G8 Black Intel Dual Core N4020 (up to 2.8Ghz), 4GB, 256GB SSD, Intel HD Graphics, 15.6"" LED HD, WiFi, BT, Cam, DOS, Eng-Rus https://www.link.kg/catalog/1/41374364",*  27541.5 ⊆   *,305 $
" Ноутбук Dell 5470 Intel Celeron N4100 (1.10-2.40GHz), 4GB DDR4, 128GB SSD, UHD Graphics 600, 14""FHD (1920x1080) Touch LED, WiFi ac, BT 5.0, WC, CR, Win 10 Pro, Backlit Русская клавиатура, Black https://www.link.kg/catalog/1/41499782",*  27631.8 ⊆   *,306 $
" Lenovo Ideapad S145-15API Silver AMD 3020e (up to 2.6Ghz), 4GB, 256GB SSD, AMD Radeon™ Graphics, 15.6"" LED, WiFi, BT, Cam, DOS, Eng-Rus https://www.link.kg/catalog/1/41374239",*  27993 ⊆   *,310 $
" Lenovo Ideapad S145-15API Silver AMD 3020e (up to 2.6Ghz), 8GB, 500GB, AMD Radeon™ Graphics, 15.6"" LED, WiFi, BT, Cam, DOS, Eng-Rus https://www.link.kg/catalog/1/41374223",*  27993 ⊆   *,310 $
" Lenovo IP3 i3-10110U 2.1-4.1GHz, 4GB, 1TB, 15.6""FHD RUS, HDMI, ABYSS BLUE https://www.link.kg/catalog/1/41503191",*  27541.5 ⊆   *,305 $
" HP 240 G8 Black Intel Pentium Quad Core N5030 (up to 3.1Ghz), 4GB, 500GB, Intel HD Graphics, 14"" LED HD, WiFi, BT, Cam, DOS, Eng-Rus https://www.link.kg/catalog/1/41374348",*  28083.3 ⊆   *,311 $
" Ноутбук Lenovo Ideapad 3-15IML05 Intel Core i3-10110U (up to 4.1Ghz), 15.6"" FHD (1920х1080), 4GB, 256GB SSD, Integrated Intel® UHD Graphic, WiFi, BT 5.0, Cam, PLATINUM GRAY [81WB00YWUE](*id 12) https://www.link.kg/catalog/1/41493153",*  27631.8 ⊆   *,306 $
" Lenovo IdeaPad 3 15IGL05 (81WQ00JBRK) Intel Pentium N5030 (Quard 4 ядра, 4 потока up to 3.1Ghz), 15.6"" LED FULL HD (1920 x 1080) IPS, 8GB, 1TB + 128GB SSD SSD PCIe NVMe M.2, Intel HD Graphics 605, Wi-Fi, BT5.0, Cam, DOS, Eng-Rus, PLATINUM GREY https://www.link.kg/catalog/1/41488277",*  29166.9 ⊆   *,323 $
" Ноутбук Dell 5470 Intel Celeron N4100 (1.10-2.40GHz), 4GB DDR4, 256GB SSD+16GB eMMC, UHD Graphics 600, 14""FHD (1920x1080) Touch LED, WiFi ac, BT 5.0, WC, CR, DOS, Backlit Русская клавиатура, Black https://www.link.kg/catalog/1/41499781",*  28354.2 ⊆   *,314 $
" Ноутбук Asus X540UB (i3-7020U (3.1 Ghz)15.6"", 6GB, 1TB, GT MX110 2GB,15.6, WF, WC,DOS) https://www.link.kg/catalog/1/41440475",*  27902.7 ⊆   *,309 $
" Lenovo Ideapad S145-15API Silver AMD 3020e (up to 2.6Ghz), 8GB, 240GB SSD, AMD Radeon™ Graphics, 15.6"" LED, WiFi, BT, Cam, DOS, Eng-Rus https://www.link.kg/catalog/1/41374235",*  28444.5 ⊆   *,315 $
" Acer Aspire A315-34 Black Intel N4020 (up to 2.8Ghz), 4GB, 512GB M.2 NVMe PCIe, Intel HD Graphics, 15.6"" LED FULL HD (1920x1080), WiFi, LAN RJ45, BT, Cam, DOS, Eng-Rus https://www.link.kg/catalog/1/41375136",*  28444.5 ⊆   *,315 $
" HP 250 G8 Black Intel Dual Core N4020 (up to 2.8Ghz), 8GB, 500GB, Intel HD Graphics, 15.6"" LED HD, WiFi, BT, Cam, DOS, Eng-Rus https://www.link.kg/catalog/1/41374372",*  28444.5 ⊆   *,315 $
" HP 250 G8 Black Intel Dual Core N4020 (up to 2.8Ghz), 4GB, 500GB + 128GB SSD, Intel HD Graphics, 15.6"" LED HD, WiFi, BT, Cam, DOS, Eng-Rus https://www.link.kg/catalog/1/41374359",*  28444.5 ⊆   *,315 $
" Lenovo IP3 i3-10110U 2.1-4.1GHz, 4GB, 1TB, 15.6""HD RUS, HDMI, BLACK https://www.link.kg/catalog/1/41503200",*  27993 ⊆   *,310 $
" Lenovo V15 i3-10110U 2.1-4.1GHz,4GB,SSD 120GB,15.6""FHD,RUS,DOS HDMI, IRON GRAY https://www.link.kg/catalog/1/41503167",*  27993 ⊆   *,310 $
" Lenovo V15 i3-10110U 2.1-4.1 GHz,8GB,1TB,15.6""HD,RUS,DOS HDMI, IRON GRAY https://www.link.kg/catalog/1/41503174",*  28083.3 ⊆   *,311 $
" HP 250 G8 Black Intel Dual Core N4020 (up to 2.8Ghz), 4GB, 1TB + 128GB SSD, Intel HD Graphics, 15.6"" LED HD, WiFi, BT, Cam, DOS, Eng-Rus https://www.link.kg/catalog/1/41374360",*  28625.1 ⊆   *,317 $
" Acer Aspire 3 A315-56 i3-1005G1 1.2-3.4GHz,4GB,SSD 256GB, 15.6""FHD LED ,RUS,BLACK (12мес) https://www.link.kg/catalog/1/41503257",*  28173.6 ⊆   *,312 $
" Lenovo IP3 i3-10110U 2.1-4.1GHz, 8GB, 1TB, 15.6""FHD RUS, HDMI, ABYSS BLUE https://www.link.kg/catalog/1/41503196",*  28354.2 ⊆   *,314 $
" Lenovo Ideapad 3 Silver Intel Dual Core N4020 (up to 2.8Ghz), 4GB, 1TB + 256GB M.2 NVMe PCIe, Intel HD Graphics, 15.6"" LED, WiFi, BT, Cam, DOS, Eng-Rus https://www.link.kg/catalog/1/41374247",*  28896 ⊆   *,320 $
" Lenovo IP3 i3-10110U 2.1-4.1GHz, 4GB, 1TB, 15.6""FHD RUS, HDMI, BLACK https://www.link.kg/catalog/1/41503199",*  28444.5 ⊆   *,315 $
" Ноутбук Lenovo Ideapad 3-15IML05 Intel Core i3-10110U (up to 4.1Ghz), 15.6"" FHD (1920х1080), 4GB, 500GB SSD, Integrated Intel® UHD Graphic, WiFi, BT 5.0, Cam, PLATINUM GRAY [81WB00YWUE](*id 12) https://www.link.kg/catalog/1/41493154",*  28444.5 ⊆   *,315 $
" Lenovo Ideapad S145-15API Silver AMD 3020e (up to 2.6Ghz), 4GB, 1TB + 256GB SSD M.2 NVMe PCIe, AMD Radeon™ Graphics, 15.6"" LED, WiFi, BT, Cam, DOS, Eng-Rus https://www.link.kg/catalog/1/41374225",*  29076.6 ⊆   *,322 $
" Ноутбук Lenovo Ideapad 3-15IML05 Intel Core i3-10110U (up to 4.1Ghz), 15.6"" FHD (1920х1080), 8GB, 1TB, Integrated Intel® UHD Graphic, WiFi, BT 5.0, Cam, PLATINUM GRAY [81WB00YWUE](*id 12) https://www.link.kg/catalog/1/41493148",*  28534.8 ⊆   *,316 $
" Ноутбук Acer Aspire Black Intel Core i3-1005G1 (up to 3.4Ghz), 4GB, 256GB M.2 NVMe PCIe, Intel HD Graph 620, 15.6"" LED FULL HD (1920x1080), WiFi,BT,Cam,LAN RJ45,DOS, Eng-Rus(*id 12) https://www.link.kg/catalog/1/41493293",*  28625.1 ⊆   *,317 $
" Ноутбук Acer Aspire Intel Core i3-1005G1 (1.20-3.40GHz), 4GB DDR4, 1TB HDD, Int VGA, 15.6""FHD LED, no DVDRW, WiFi, Bluetooth, DOS, Black [NX.KAGEM.004](*id 12) https://www.link.kg/catalog/1/41493290",*  28625.1 ⊆   *,317 $
" Lenovo IP3 i3-10110U 2.1-4.1GHz, 4GB, SSD 480GB, 15.6""FHD RUS, HDMI, ABYSS BLUE https://www.link.kg/catalog/1/41503195",*  28715.4 ⊆   *,318 $
" HP 250 G8 Black Intel Dual Core N4020 (up to 2.8Ghz), 8GB, 256GB SSD, Intel HD Graphics, 15.6"" LED HD, WiFi, BT, Cam, DOS, Eng-Rus https://www.link.kg/catalog/1/41374366",*  29347.5 ⊆   *,325 $
" Lenovo IP3 i3-10110U 2.1-4.1GHz, 8GB, 500GB, 15.6""FHD RUS, HDMI, BLACK https://www.link.kg/catalog/1/41503204",*  28896 ⊆   *,320 $
" HP 250 G8 Black Intel Dual Core N4020 (up to 2.8Ghz), 4GB, 1TB + 256GB SSD, Intel HD Graphics, 15.6"" LED HD, WiFi, BT, Cam, DOS, Eng-Rus https://www.link.kg/catalog/1/41374354",*  29528.1 ⊆   *,327 $
" Acer Aspire 3 A315 i3-1005G1 1.2-3.4GHz,8GB, SSD 256GB, 15.6""FHD,LAN,BLACK (12мес) https://www.link.kg/catalog/1/41503260",*  29257.2 ⊆   *,324 $
" Lenovo V15 i3-10110U 2.1-4.1 GHz,8GB,SSD 480GB,15.6""HD,RUS,DOS HDMI, IRON GRAY https://www.link.kg/catalog/1/41503170",*  29257.2 ⊆   *,324 $
" HP 240 G8 Black Intel Pentium Quad Core N5030 (up to 3.1Ghz), 4GB, 500GB + 128GB SSD, Intel HD Graphics, 14"" LED HD, WiFi, BT, Cam, DOS, Eng-Rus https://www.link.kg/catalog/1/41374333",*  29889.3 ⊆   *,331 $
" HP 240 G8 Black Intel Pentium Quad Core N5030 (up to 3.1Ghz), 8GB, 500GB, Intel HD Graphics, 14"" LED HD, WiFi, BT, Cam, DOS, Eng-Rus https://www.link.kg/catalog/1/41374344",*  29889.3 ⊆   *,331 $
" Lenovo Ideapad S145-15API Silver AMD 3020e (up to 2.6Ghz), 8GB, 1TB + 256GB SSD M.2 NVMe PCIe, AMD Radeon™ Graphics, 15.6"" LED, WiFi, BT, Cam, DOS, Eng-Rus https://www.link.kg/catalog/1/41374226",*  29979.6 ⊆   *,332 $
" Ноутбук ASUS-X515J, i3-1005G1, DDR4 4GB, 120Gb SSD, NO DVDRW, 15.6"", Rus+Eng https://www.link.kg/catalog/1/41483608",*  31424.4 ⊆   *,348 $
" HP 240 G8 Black Intel Pentium Quad Core N5030 (up to 3.1Ghz), 8GB, 1TB, Intel HD Graphics, 14"" LED HD, WiFi, BT, Cam, DOS, Eng-Rus https://www.link.kg/catalog/1/41374338",*  30069.9 ⊆   *,333 $
" Acer Aspire A315-35 Silver Intel N4500 (up to 2.8Ghz), 4GB, 256GB M.2 NVMe PCIe, Intel HD Graphics, 15.6"" LED FULL HD (1920x1080), WiFi, LAN RJ45, BT, Cam, DOS, Eng-Rus https://www.link.kg/catalog/1/41375132",*  30160.2 ⊆   *,334 $
" ПК - i5-10400, Gigabyte H470M K, DDR4 16GB (2x8GB), (3200MHz) Patriot Viper Steel CL16, ATX JUMP 3141-4JA, Aerocool Verkho 2, 500W Jump 80+ Bronze, SSD 240GB Kingston A400 SATAIII 2.5""(*id 12) https://www.link.kg/catalog/1/41492901",*  31605 ⊆   *,350 $
" HP 250 G8 Black Intel Dual Core N4020 (up to 2.8Ghz), 8GB, 500GB + 128GB SSD, Intel HD Graphics, 15.6"" LED HD, WiFi, BT, Cam, DOS, Eng-Rus https://www.link.kg/catalog/1/41374358",*  30250.5 ⊆   *,335 $
" Acer Aspire A315-35 Silver Intel N4500 (up to 2.8Ghz), 4GB, 1TB, Intel HD Graphics, 15.6"" LED FULL HD (1920x1080), WiFi, LAN RJ45, BT, Cam, DOS, Eng-Rus https://www.link.kg/catalog/1/41375127",*  30340.8 ⊆   *,336 $
" ASUS VivoBook X515FA-EJ186W 15.6"" FHD i3-10110U 2.1-4.1GHz,4GB,SSD 120GB,RUS,SLATE GRAY https://www.link.kg/catalog/1/41503161",*  29799 ⊆   *,330 $
" Ноутбук Lenovo Ideapad 3-15IML05 Intel Core i3-10110U (up to 4.1Ghz), 15.6"" FHD (1920х1080), 12GB, 500GB SSD, Integrated Intel® UHD Graphic, WiFi, BT 5.0, Cam, PLATINUM GRAY [81WB00YWUE](*id 12) https://www.link.kg/catalog/1/41493162",*  29889.3 ⊆   *,331 $
" Lenovo IdeaPad 3 15IGL05 (81WQ00JBRK) Intel Pentium N5030 (Quard 4 ядра, 4 потока up to 3.1Ghz), 15.6"" LED FULL HD (1920 x 1080) IPS, 8GB, 1TB + 512GB SSD SSD PCIe NVMe M.2, Intel HD Graphics 605, Wi-Fi, BT5.0, Cam, DOS, Eng-Rus, PLATINUM GREY https://www.link.kg/catalog/1/41488269",*  31424.4 ⊆   *,348 $
" LENOVO V15 G4 AMN (82YU0044UE) AMD Atlon Silver 7120U (up to 3.5Ghz), 15.6"" LED FULL HD (1920 x 1080), 8GB DDR5-4800Mhz, 1TB SSD PCIe NVMe M.2, AMD Radeon 610M Graphics, WiFi, BT 5.1, HD 720P Cam, LAN, RJ45, USB Type-C, замок Kensington, Eng-Rus DOS, https://www.link.kg/catalog/1/41488280",*  31514.7 ⊆   *,349 $
" Acer Aspire A315-34 Black Intel N4020 (up to 2.8Ghz), 8GB, 512GB M.2 NVMe PCIe, Intel HD Graphics, 15.6"" LED FULL HD (1920x1080), WiFi, LAN RJ45, BT, Cam, DOS, Eng-Rus https://www.link.kg/catalog/1/41375135",*  30702 ⊆   *,340 $
" Ноутбук HP 15s-eq1136ur 22P99EA#ACB AMD Athlon Silver 3050U (2.30GHz-3.20GHz), 4GB DDR4, 256GB SSD, AMD Radeon Graphics, 15.6""FHD (1920x1080) IPS, WiFi ac, BT 4.2, HD WC, CR, DOS, Русская клавиатура, Gray https://www.link.kg/catalog/1/41499820",*  30702 ⊆   *,340 $
" Ноутбук Acer Aspire Black Intel Core i3-1005G1 (up to 3.4Ghz), 12GB, 256GB M.2 NVMe PCIe, Intel HD Graphics 620, 15.6"" LED FULL HD (1920x1080), WiFi, BT, Cam, LAN RJ45, DOS, Eng-Rus(*id 12) https://www.link.kg/catalog/1/41493297",*  30250.5 ⊆   *,335 $
" ASUS VivoBook X515FA-EJ186W 15.6"" FHD i3-10110U 2.1-4.1GHz,4GB,1TB, WIN11,RUS,SLATE GRAY https://www.link.kg/catalog/1/41503162",*  30250.5 ⊆   *,335 $
" HP 240 G8 Black Intel Pentium Quad Core N5030 (up to 3.1Ghz), 8GB, 256GB SSD, Intel HD Graphics, 14"" LED HD, WiFi, BT, Cam, DOS, Eng-Rus https://www.link.kg/catalog/1/41374342",*  30792.3 ⊆   *,341 $
" Ноутбук Acer Aspire A3 Intel Core i3-1005G1 (1.20-3.40GHz), 8GB DDR4, 1TB HDD, Int VGA, 15.6""FHD LED, no DVDRW, WiFi, Bluetooth, LAN, DOS, голубой [NX.KAFEM.004](*id 12) https://www.link.kg/catalog/1/41493301",*  30431.1 ⊆   *,337 $
" Acer Aspire 3 A315-56 i3-1005G1 1.2-3.4GHz,8GB, 1TB + SSD 128GB, 15.6""FHD LED ,RUS,BLACK (12мес) https://www.link.kg/catalog/1/41503255",*  30431.1 ⊆   *,337 $
" Lenovo Ideapad S145-15API Silver AMD 3020e (up to 2.6Ghz), 8GB, 1TB + 512GB SSD M.2 NVMe PCIe, AMD Radeon™ Graphics, 15.6"" LED, WiFi, BT, Cam, DOS, Eng-Rus https://www.link.kg/catalog/1/41374228",*  30972.9 ⊆   *,343 $
" Ноутбук Lenovo Ideapad 3-15IML05 Intel Core i3-10110U (up to 4.1Ghz), 15.6"" FHD (1920х1080), 12GB, 1TB +256GB SSD NVMe, Integrated Intel® UHD Graphic, WiFi, BT 5.0, Cam, PLATINUM GRAY [81WB00YWUE](*id 12) https://www.link.kg/catalog/1/41493165",*  30521.4 ⊆   *,338 $
" Acer Aspire A315-35 Silver Intel N4500 (up to 2.8Ghz), 4GB, 512GB M.2 NVMe PCIe, Intel HD Graphics, 15.6"" LED FULL HD (1920x1080), WiFi, LAN RJ45, BT, Cam, DOS, Eng-Rus https://www.link.kg/catalog/1/41375131",*  31153.5 ⊆   *,345 $
" Lenovo Ideapad S145-15API Silver AMD 3020e (up to 2.6Ghz), 8GB, 256GB SSD, AMD Radeon™ Graphics, 15.6"" LED, WiFi, BT, Cam, DOS, Eng-Rus https://www.link.kg/catalog/1/41374237",*  31153.5 ⊆   *,345 $
" Ноутбук HP 15s-eq1136ur 22P99EA#ACB AMD Athlon Silver 3050U (2.30GHz-3.20GHz), 4GB DDR4, 256GB SSD, AMD Radeon Graphics, 15.6""FHD (1920x1080) IPS, WiFi ac, BT 4.2, HD WC, CR, DOS, Gray(*id 12) https://www.link.kg/catalog/1/41493390",*  30611.7 ⊆   *,339 $
" HP 250 G8 Black Intel Dual Core N4020 (up to 2.8Ghz), 8GB, 512GB SSD, Intel HD Graphics, 15.6"" LED HD, WiFi, BT, Cam, DOS, Eng-Rus https://www.link.kg/catalog/1/41374367",*  31153.5 ⊆   *,345 $
" Lenovo IP3 i3-10110U 2.1-4.1GHz, 8GB,SSD 480GB, 15.6""FHD RUS, HDMI, BLACK https://www.link.kg/catalog/1/41503205",*  30702 ⊆   *,340 $
" ASUS VivoBook X515FA-EJ185W 15.6"" FHD i3-10110U 2.1-4.1GHz,4GB,1TB, WIN11,RUS,SILVER https://www.link.kg/catalog/1/41503164",*  30702 ⊆   *,340 $
" AsusPRO P1440FA-BV3736 Intel Core i3-10110U (up to 4.1Ghz), 14"" HD (1366х768), 8GB, 1TB, Intel HD Graphics 620, WiFi 6, BT 5.0, Cam, LAN, RJ45, VGA, HDMI, замок Kensington, Fingerprint Scaner (Сканер отпечатка пальцев), Eng-Rus, BLACK + сумка Asus в https://www.link.kg/catalog/1/41488538",*  32146.8 ⊆   *,356 $
" Asus ExpertBooK P1412CEA Intel Core i3-1115G4 (up to 4.1Ghz), 14"" LED FULL HD (1920 x 1080), 4GB DDR4-3200Mhz, 1TB, Intel UHD Graphics, WiFi 5, BT 4, USB Type-C, замок Kensington, Cam, Eng-Rus, SLATE GREY https://www.link.kg/catalog/1/41488511",*  32237.1 ⊆   *,357 $
" HP 250 G8 Black Intel Dual Core N4020 (up to 2.8Ghz), 8GB, 1TB + 256GB SSD, Intel HD Graphics, 15.6"" LED HD, WiFi, BT, Cam, DOS, Eng-Rus https://www.link.kg/catalog/1/41374350",*  31334.1 ⊆   *,347 $
" Ноутбук ASUS-X515J, i3-1005G1, DDR4 8GB, 1TB, NO DVDRW, 15.6"", WIN-10Eng, Rus+Eng https://www.link.kg/catalog/1/41483606",*  32778.9 ⊆   *,363 $
" Ноутбук Acer Aspire A3 Intel Core i3-1005G1 (1.20-3.40GHz), 12GB DDR4, 1TB HDD, Int VGA, 15.6""FHD LED, no DVDRW, WiFi, Bluetooth, LAN, DOS, голубой [NX.KAFEM.004](*id 12) https://www.link.kg/catalog/1/41493306",*  30882.6 ⊆   *,342 $
" Acer Aspire A315-35 Silver Intel N4500 (up to 2.8Ghz), 8GB, 128GB M.2 NVMe PCIe, Intel HD Graphics, 15.6"" LED FULL HD (1920x1080), WiFi, LAN RJ45, BT, Cam, DOS, Eng-Rus https://www.link.kg/catalog/1/41375133",*  31605 ⊆   *,350 $
" Ноутбук Lenovo IdeaPad 3 14IIL05 Intel Core i3-1005G1(1.20-3.40GHz), 4GBDDR4, 128GBSSD, Intel UHD Graphics,14 ""FHD(1920x1080)IPS, WiFiac, BT5.0,CR,WC, Win11ENG Home in Smode,Platinum Grey [81WD010UUS](*id 12) https://www.link.kg/catalog/1/41493177",*  31063.2 ⊆   *,344 $
" Ноутбук Lenovo Ideapad 3-15IML05 Intel Core i3-10110U (up to 4.1Ghz), 15.6"" FHD (1920х1080), 20GB, 500GB SSD, Integrated Intel® UHD Graphic, WiFi, BT 5.0, Cam, PLATINUM GRAY [81WB00YWUE](*id 12) https://www.link.kg/catalog/1/41493151",*  31063.2 ⊆   *,344 $
" Acer Aspire 3 A315-56 i3-1005G1 1.2-3.4GHz,12GB,SSD 512GB, 15.6""FHD LED ,RUS,BLACK (12мес) https://www.link.kg/catalog/1/41503259",*  31153.5 ⊆   *,345 $
" Acer Aspire A315-35 Silver Intel N4500 (up to 2.8Ghz), 8GB, 500GB, Intel HD Graphics, 15.6"" LED FULL HD (1920x1080), WiFi, LAN RJ45, BT, Cam, DOS, Eng-Rus https://www.link.kg/catalog/1/41375125",*  31785.6 ⊆   *,352 $
" Lenovo Ideapad L3-15ITL6 Platinum Grey Intel Pentium Gold 7505 (1.8Ghz), 4GB, 500GB, Intel UHD Graphics Xe G4 48EUs, 15.6"" IPS FULL HD (1920x1080), WiFi, BT, Cam, LAN RJ45, DOS, Eng-Rus https://www.link.kg/catalog/1/41374197",*  31785.6 ⊆   *,352 $
" Ноутбук ASUS-X543M, Intel N4020, DDR4 4GB, SSD-512GB, 15.6"", DVDRW, 1B-Star Grey, Rus+Eng https://www.link.kg/catalog/1/41483607",*  33230.4 ⊆   *,368 $
" ASUS VivoBook X515FA-EJ186W 15.6"" FHD i3-10110U 2.1-4.1GHz,8GB,1TB, WIN11,RUS,SLATE GRAY https://www.link.kg/catalog/1/41503158",*  31334.1 ⊆   *,347 $
" Ноутбук Lenovo V15 G2 ITL Intel Core i3-1115G4 (up to 4.1Ghz), 8GB, 1TB HDD, Intel UHD Graphics, 15.6"" FULL HD TN, WiFi, BT, LAN RJ45, DOS, Eng+Rus, черный [82KB0021AK](*id 12) https://www.link.kg/catalog/1/41493355",*  31334.1 ⊆   *,347 $
" ASUS VivoBook X515FA-EJ186W 15.6"" FHD i3-10110U 2.1-4.1GHz,4GB,SSD 480GB,RUS,SLATE GRAY https://www.link.kg/catalog/1/41503159",*  31424.4 ⊆   *,348 $
" Ноутбук Lenovo IdeaPad 3 14IIL05 Intel Core i3-1005G1 (1.20-3.40GHz), 8GB DDR4, 128GB SSD m.2 NVMe, Intel UHD Graphics, 14 ""FHD (1920x1080) IPS, WiFi ac, BT 5.0, CR, WC, Win 11 ENG Home in S mode, Eng-Ru, Platinum Grey [81WD010UUS](*id 12) https://www.link.kg/catalog/1/41493180",*  31514.7 ⊆   *,349 $
" Acer Aspire A315-35 Silver Intel N4500 (up to 2.8Ghz), 8GB, 1TB, Intel HD Graphics, 15.6"" LED FULL HD (1920x1080), WiFi, LAN RJ45, BT, Cam, DOS, Eng-Rus https://www.link.kg/catalog/1/41375126",*  32146.8 ⊆   *,356 $
" Acer Aspire 3 A315-58-37M9 Intel Core i3-1115G4 (up to 4.1GHz), 15.6"" LED FULL HD (1920 x 1080), 4GB, 128GB SSD PCIe? NVMe M.2, Intel UHD Graphics, WiFi, BT 5.0, Cam, LAN, RJ45, Eng-Rus, ELECTRIC BLUE https://www.link.kg/catalog/1/41488563",*  33140.1 ⊆   *,367 $
" новая позиция4Asus ExpertBooK P1412CEA Intel Core i3-1115G4 (up to 4.1Ghz), 14"" LED FULL HD (1920 x 1080), 4GB DDR4-3200Mhz, 256GB SSD, Intel UHD Graphics, WiFi 5, BT 4, USB Type-C, замок Kensington, Cam, Eng-Rus, SLATE GREY https://www.link.kg/catalog/1/41488504",*  33140.1 ⊆   *,367 $
" Ноутбук Lenovo V15 G2 Intel Core i3-1115G4 (up to 4.1Ghz), 4GB, 256GB SSD m.2 NVMe, Intel HD Graphics 620, 15.6"" FULL HD, WiFi, BT, Cam, USB Type-C, LAN RJ45, DOS, Eng-Rus, черный, Bag [82KB00Y8AK](*id 12) https://www.link.kg/catalog/1/41493888",*  31785.6 ⊆   *,352 $
" Ноутбук Lenovo V15 G2 ITL Intel Core i3-1115G4 (up to 4.1Ghz), 12GB, 1TB HDD, Intel UHD Graphics, 15.6"" FULL HD TN, WiFi, BT, LAN RJ45, DOS, Eng+Rus, черный [82KB0021AK](*id 12) https://www.link.kg/catalog/1/41493414",*  31785.6 ⊆   *,352 $
" Ноутбук Lenovo Ideapad 3-15IML05 Intel Core i3-10110U (up to 4.1Ghz), 15.6"" FHD (1920х1080), 20GB, 1TB +256GB SSD NVMe, Integrated Intel® UHD Graphic, WiFi, BT 5.0, Cam, PLATINUM GRAY [81WB00YWUE](*id 12) https://www.link.kg/catalog/1/41493160",*  31785.6 ⊆   *,352 $
" AsusPRO P1440FA-BV3736 Intel Core i3-10110U (up to 4.1Ghz), 14"" HD (1366х768), 12GB, 1TB, Intel HD Graphics 620, WiFi 6, BT 5.0, Cam, LAN, RJ45, VGA, HDMI, замок Kensington, Fingerprint Scaner (Сканер отпечатка пальцев), Eng-Rus, BLACK + сумка Asus в https://www.link.kg/catalog/1/41488536",*  33320.7 ⊆   *,369 $
" Asus ExpertBooK P1412CEA Intel Core i3-1115G4 (up to 4.1Ghz), 14"" LED FULL HD (1920 x 1080), 8GB DDR4-3200Mhz, 120GB SSD, Intel UHD Graphics, WiFi 5, BT 4, USB Type-C, замок Kensington, Cam, Eng-Rus, SLATE GREY https://www.link.kg/catalog/1/41488509",*  33411 ⊆   *,370 $
" HP 250 G8 Black Intel Dual Core N4020 (up to 2.8Ghz), 16GB, 256GB SSD, Intel HD Graphics, 15.6"" LED HD, WiFi, BT, Cam, DOS, Eng-Rus https://www.link.kg/catalog/1/41374362",*  32508 ⊆   *,360 $
" HP 240 G8 Black Intel Pentium Quad Core N5030 (up to 3.1Ghz), 8GB, 500GB + 256GB SSD, Intel HD Graphics, 14"" LED HD, WiFi, BT, Cam, DOS, Eng-Rus https://www.link.kg/catalog/1/41374326",*  32598.3 ⊆   *,361 $
" HP 240 G8 Black Intel Pentium Quad Core N5030 (up to 3.1Ghz), 8GB, 512GB SSD, Intel HD Graphics, 14"" LED HD, WiFi, BT, Cam, DOS, Eng-Rus https://www.link.kg/catalog/1/41374343",*  32598.3 ⊆   *,361 $
" Lenovo Ideapad L3-15ITL6 Platinum Grey Intel Pentium Gold 7505 (1.8Ghz), 8GB, 128GB M.2 NVMe PCIe, Intel UHD Graphics Xe G4 48EUs, 15.6"" IPS FULL HD (1920x1080), WiFi, BT, Cam, LAN RJ45, DOS, Eng-Rus https://www.link.kg/catalog/1/41374202",*  32598.3 ⊆   *,361 $
" Lenovo IdeaPad L3 A41TUN ATHLON 300U 2.4-3.3GHz,4GB,SSD 120GB, 15.6""FHD RUS BLACK ( СЦ) https://www.link.kg/catalog/1/41503178",*  32146.8 ⊆   *,356 $
" Ноутбук Lenovo V15 G2 ITL Intel Core i3-1115G4 (up to 4.1Ghz), 8GB, 500GB SSD, Intel UHD Graphics, 15.6"" FULL HD TN, WiFi, BT, LAN RJ45, DOS, Eng+Rus, черный [82KB0021AK](*id 12) https://www.link.kg/catalog/1/41493349",*  32146.8 ⊆   *,356 $
" Ноутбук Acer Aspire A3 Intel Core i3-1005G1 (1.20-3.40GHz), 8GB DDR4, 256GB SSD m.2 NVMe+1TB HDD, Int VGA, 15.6""FHD LED, no DVDRW, WiFi, Bluetooth, LAN, DOS, голубой [NX.KAFEM.004](*id 12) https://www.link.kg/catalog/1/41493299",*  32237.1 ⊆   *,357 $
" HP 240 G8 Black Intel Pentium Quad Core N5030 (up to 3.1Ghz), 8GB, 1TB + 256GB SSD, Intel HD Graphics, 14"" LED HD, WiFi, BT, Cam, DOS, Eng-Rus https://www.link.kg/catalog/1/41374323",*  32778.9 ⊆   *,363 $
" Lenovo Ideapad L3-15ITL6 Platinum Grey Intel Pentium Gold 7505 (1.8Ghz), 8GB, 500GB, Intel UHD Graphics Xe G4 48EUs, 15.6"" IPS FULL HD (1920x1080), WiFi, BT, Cam, LAN RJ45, DOS, Eng-Rus https://www.link.kg/catalog/1/41374191",*  32778.9 ⊆   *,363 $
" Acer Aspire A315-35 Silver Intel N4500 (up to 2.8Ghz), 8GB, 512GB M.2 NVMe PCIe, Intel HD Graphics, 15.6"" LED FULL HD (1920x1080), WiFi, LAN RJ45, BT, Cam, DOS, Eng-Rus https://www.link.kg/catalog/1/41375129",*  33411 ⊆   *,370 $
" Acer Aspire A315-35 Silver Intel N4500 (up to 2.8Ghz), 4GB, 500GB + 256GB M.2 NVMe PCIe, Intel HD Graphics, 15.6"" LED FULL HD (1920x1080), WiFi, LAN RJ45, BT, Cam, DOS, Eng-Rus https://www.link.kg/catalog/1/41375122",*  33411 ⊆   *,370 $
" Acer Aspire 3 A315-58-37M9 Intel Core i3-1115G4 (up to 4.1GHz), 15.6"" LED FULL HD (1920 x 1080), 4GB, 256GB SSD PCIe? NVMe M.2, Intel UHD Graphics, WiFi, BT 5.0, Cam, LAN, RJ45, Eng-Rus, ELECTRIC BLUE https://www.link.kg/catalog/1/41488643",*  34765.5 ⊆   *,385 $
" Lenovo Ideapad S145-15AST Black A6-9225 (up to 3.00Ghz), 4GB DDR4, 500GB, AMD Radeon R7 M445 2GB, 15.6"" LED HD, WiFi, BT, Cam, DOS, Eng-Rus https://www.link.kg/catalog/1/41374229",*  33411 ⊆   *,370 $
" ASUS VivoBook X515FA-EJ186W 15.6"" FHD i3-10110U 2.1-4.1GHz,8GB,SSD 480GB,RUS,SLATE GRAY https://www.link.kg/catalog/1/41503154",*  32869.2 ⊆   *,364 $
" Ноутбук Lenovo IdeaPad 3 14IIL05 Intel Core i3-1005G1 (1.20-3.40GHz), 4GB DDR4, 500GB SSD m.2 NVMe, Intel UHD Graphics, 14 ""FHD (1920x1080) IPS, WiFi ac, BT 5.0, CR, WC, Win 11 ENG Home in S mode, Eng-Ru, Platinum Grey [81WD010UUS](*id 12) https://www.link.kg/catalog/1/41493182",*  32869.2 ⊆   *,364 $
" Lenovo Ideapad L3-15ITL6 Platinum Grey Intel Pentium Gold 7505 (1.8Ghz), 12GB, 128GB M.2 NVMe PCIe, Intel UHD Graphics Xe G4 48EUs, 15.6"" IPS FULL HD (1920x1080), WiFi, BT, Cam, LAN RJ45, DOS, Eng-Rus https://www.link.kg/catalog/1/41374194",*  33501.3 ⊆   *,371 $
" AsusPRO P1440FA-BV3736 Intel Core i3-10110U (up to 4.1Ghz), 14"" HD (1366х768), 12GB, 256GB SSD PCIe NVMe M.2, Intel HD Graphics 620, WiFi 6, BT 5.0, Cam, LAN, RJ45, VGA, HDMI, замок Kensington, Fingerprint Scaner (Сканер отпечатка пальцев), Eng-Rus, https://www.link.kg/catalog/1/41488525",*  34946.1 ⊆   *,387 $
" Ноутбук Lenovo Ideapad 3-15IML05 Intel Core i3-10110U (up to 4.1Ghz), 15.6"" FHD (1920х1080), 20GB, 1TB +500GB SSD NVMe, Integrated Intel® UHD Graphic, WiFi, BT 5.0, Cam, PLATINUM GRAY [81WB00YWUE](*id 12) https://www.link.kg/catalog/1/41493161",*  32959.5 ⊆   *,365 $
" ASUS VivoBook X515FA-EJ186W 15.6"" FHD i3-10110U 2.1-4.1GHz,8GB,1TB+SSD 128GB, WIN11,RUS,SLATE GRAY https://www.link.kg/catalog/1/41503157",*  33049.8 ⊆   *,366 $
" AsusPRO P1440FA-BV3736 Intel Core i3-10110U (up to 4.1Ghz), 14"" HD (1366х768), 8GB, 1TB + 128GB SSD PCIe NVMe M.2, Intel HD Graphics 620, WiFi 6, BT 5.0, Cam, LAN, RJ45, VGA, HDMI, замок Kensington, Fingerprint Scaner (Сканер отпечатка пальцев), Eng- https://www.link.kg/catalog/1/41488386",*  35036.4 ⊆   *,388 $
" Lenovo Ideapad L3-15ITL6 Platinum Grey Intel Pentium Gold 7505 (1.8Ghz), 4GB, 500GB + 128GB M.2 NVMe PCIe, Intel UHD Graphics Xe G4 48EUs, 15.6"" IPS FULL HD (1920x1080), WiFi, BT, Cam, LAN RJ45, DOS, Eng-Rus https://www.link.kg/catalog/1/41374190",*  33681.9 ⊆   *,373 $
" AsusPRO P1440FA-BV3736 Intel Core i3-10110U (up to 4.1Ghz), 14"" HD (1366х768), 16GB, 128GB SSD, Intel HD Graphics 620, WiFi 6, BT 5.0, Cam, LAN, RJ45, VGA, HDMI, замок Kensington, Fingerprint Scaner (Сканер отпечатка пальцев), Eng-Rus, BLACK + сумка https://www.link.kg/catalog/1/41488531",*  35126.7 ⊆   *,389 $
" Lenovo V15 GEN2 ITL Black Intel Core i3-1115G4 (up to 4.1Ghz), 4GB, 500GB, Intel UHD Graphics Xe G4 48EUs, 15.6"" LED FULL HD (1920x1080), WiFi, BT, Cam, DOS, Eng-Rus + BAG (сумка в комплекте) https://www.link.kg/catalog/1/41374073",*  33772.2 ⊆   *,374 $
" Lenovo IdeaPad L3 A41TUN ATHLON 300U 2.4-3.3GHz,4GB,SSD 240GB, 15.6""FHD RUS BLACK ( СЦ) https://www.link.kg/catalog/1/41503179",*  33230.4 ⊆   *,368 $
" Acer Aspire A315-35 Silver Intel N4500 (up to 2.8Ghz), 4GB, 1TB + 256GB M.2 NVMe PCIe, Intel HD Graphics, 15.6"" LED FULL HD (1920x1080), WiFi, LAN RJ45, BT, Cam, DOS, Eng-Rus https://www.link.kg/catalog/1/41375123",*  33862.5 ⊆   *,375 $
" Acer Aspire 3 A315-58-37M9 Intel Core i3-1115G4 (up to 4.1GHz), 15.6"" LED FULL HD (1920 x 1080), 8GB, 128GB SSD PCIe? NVMe M.2, Intel UHD Graphics, WiFi, BT 5.0, Cam, LAN, RJ45, Eng-Rus, ELECTRIC BLUE https://www.link.kg/catalog/1/41488564",*  35217 ⊆   *,390 $
" новая позиция4Asus ExpertBooK P1412CEA Intel Core i3-1115G4 (up to 4.1Ghz), 14"" LED FULL HD (1920 x 1080), 8GB DDR4-3200Mhz, 256GB SSD, Intel UHD Graphics, WiFi 5, BT 4, USB Type-C, замок Kensington, Cam, Eng-Rus, SLATE GREY https://www.link.kg/catalog/1/41488505",*  35217 ⊆   *,390 $
" Asus ExpertBooK P1412CEA Intel Core i3-1115G4 (up to 4.1Ghz), 14"" LED FULL HD (1920 x 1080), 4GB DDR4-3200Mhz, 1TB + 128GB SSD PCIe NVMe, Intel UHD Graphics, WiFi 5, BT 4, USB Type-C, замок Kensington, Cam, Eng-Rus, SLATE GREY https://www.link.kg/catalog/1/41488493",*  35217 ⊆   *,390 $
" HP 250 G8 Black Intel Dual Core N4020 (up to 2.8Ghz), 8GB, 1TB + 512GB SSD, Intel HD Graphics, 15.6"" LED HD, WiFi, BT, Cam, DOS, Eng-Rus https://www.link.kg/catalog/1/41374352",*  33862.5 ⊆   *,375 $
" Lenovo V15 GEN2 ITL Black Intel Core i3-1115G4 (up to 4.1Ghz), 4GB, 1TB, Intel UHD Graphics Xe G4 48EUs, 15.6"" LED FULL HD (1920x1080), WiFi, BT, Cam, DOS, Eng-Rus + BAG (сумка в комплекте) https://www.link.kg/catalog/1/41374072",*  33862.5 ⊆   *,375 $
" Ноутбук Lenovo V15 G2 ITL Intel Core i3-1115G4 (up to 4.1Ghz), 20GB, 1TB HDD, Intel UHD Graphics, 15.6"" FULL HD TN, WiFi, BT, LAN RJ45, DOS, Eng+Rus, черный [82KB0021AK](*id 12) https://www.link.kg/catalog/1/41493364",*  33320.7 ⊆   *,369 $
" Lenovo Ideapad L3-15ITL6 Platinum Grey Intel Pentium Gold 7505 (1.8Ghz), 4GB, 512GB M.2 NVMe PCIe, Intel UHD Graphics Xe G4 48EUs, 15.6"" IPS FULL HD (1920x1080), WiFi, BT, Cam, LAN RJ45, DOS, Eng-Rus https://www.link.kg/catalog/1/41374201",*  33952.8 ⊆   *,376 $
" Ноутбук Lenovo Ideapad 3-15IML05 Intel Core i3-10110U (up to 4.1Ghz), 15.6"" FHD (1920х1080), 20GB, 1TB SSD, Integrated Intel® UHD Graphic, WiFi, BT 5.0, Cam, PLATINUM GRAY [81WB00YWUE](*id 12) https://www.link.kg/catalog/1/41493150",*  33320.7 ⊆   *,369 $
" Ноутбук Lenovo V15 G2 Intel Core i3-1115G4 (up to 4.1Ghz), 8GB, 256GB SSD m.2 NVMe, Intel HD Graphics 620, 15.6"" FULL HD, WiFi, BT, Cam, USB Type-C, LAN RJ45, DOS, Eng-Rus, черный, сумка [82KB00Y8AK](*id 12) https://www.link.kg/catalog/1/41493462",*  33411 ⊆   *,370 $
" ASUS VivoBook F415E-AS31 Intel Core i3-1115G4 (up to 4.1GHz), 14"" LED FULL HD IPS (1920 x 1080), 4GB, 128GB SSD, Intel UHD Graphics, WiFi 5, BT 4.1, Fingerprint Scaner (Сканер отпечатка пальцев), USB-C, Backlight Chiclet Eng Keyboard, Eng-Rus, SLATE https://www.link.kg/catalog/1/41488486",*  35397.6 ⊆   *,392 $
" Ноутбук ASUS X509FA-BR952T Intel Core i3-10110U (4M Cache, up to 4,10 GHz) ,8GB DDR4, 256GB SSD ,Intel UHD Graphics 620,15.6"" HD , Webcam,Wi-Fi ,Bluetooth ,Win10H, Silver [90NB0MZ1-M17820](*id 12) https://www.link.kg/catalog/1/41493240",*  33411 ⊆   *,370 $
" HP 240 G8 Black Intel Pentium Quad Core N5030 (up to 3.1Ghz), 12GB, 1TB + 128GB SSD, Intel HD Graphics, 14"" LED HD, WiFi, BT, Cam, DOS, Eng-Rus https://www.link.kg/catalog/1/41374327",*  34133.4 ⊆   *,378 $
" Lenovo Ideapad L3-15ITL6 Platinum Grey Intel Pentium Gold 7505 (1.8Ghz), 4GB, 1TB + 256GB M.2 NVMe PCIe, Intel UHD Graphics Xe G4 48EUs, 15.6"" IPS FULL HD (1920x1080), WiFi, BT, Cam, LAN RJ45, DOS, Eng-Rus https://www.link.kg/catalog/1/41374185",*  34133.4 ⊆   *,378 $
" Ноутбук DELL Vostro 3400 14"" HD i3-1115G4 1.7-4.1GHz, 8GB, 256GB SSD m.2 NVMe, Webcam, Wi-Fi, Bluetooth, Eng-Rus, LAN, RJ-45, серый(*id 12) https://www.link.kg/catalog/1/41493234",*  33501.3 ⊆   *,371 $
" Моноблок Share 24, i3-10100, DDR4 SODIMM 8GB, SSD 256GB m.2 NVMe PCIe , 23.8"" FHD , WiFi, Bluetooth, черный, VGA, HDMI, 4xUSB, LAN, Audio(*id 12) https://www.link.kg/catalog/1/41492910",*  33591.6 ⊆   *,372 $
" Ноутбук Lenovo Ideapad 3 14ITL05 Intel Core i3-1115G4 (3.00-4.10Ghz), 12GB, 256GB SSD NVMe, 14” FULL HDLED UHD Graphics, WiFi, BT, WinEn11 Homes, серебристый, Eng-Rus 81X700FGUS(*id 12) https://www.link.kg/catalog/1/41493175",*  33591.6 ⊆   *,372 $
" Ноутбук Lenovo V15 G2 ITL Intel Core i3-1115G4 (up to 4.1Ghz), 12GB, 1TB HDD+256GB SSD m.2 NVMe, Intel UHD Graphics, 15.6"" FULL HD TN, WiFi, BT, LAN RJ45, DOS, Eng+Rus, черный [82KB0021AK](*id 12) https://www.link.kg/catalog/1/41493371",*  33681.9 ⊆   *,373 $
" Lenovo Ideapad S145-15AST Black A6-9225 (up to 3.00Ghz), 4GB DDR4, 256GB SSD, AMD Radeon R7 M445 2GB, 15.6"" LED HD, WiFi, BT, Cam, DOS, Eng-Rus https://www.link.kg/catalog/1/41374213",*  34314 ⊆   *,380 $
" Lenovo Ideapad L3-15ITL6 Platinum Grey Intel Pentium Gold 7505 (1.8Ghz), 12GB, 256GB M.2 NVMe PCIe, Intel UHD Graphics Xe G4 48EUs, 15.6"" IPS FULL HD (1920x1080), WiFi, BT, Cam, LAN RJ45, DOS, Eng-Rus https://www.link.kg/catalog/1/41374195",*  34404.3 ⊆   *,381 $
" HP 250 G8 Black Intel Dual Core N4020 (up to 2.8Ghz), 16GB, 1TB + 128GB SSD, Intel HD Graphics, 15.6"" LED HD, WiFi, BT, Cam, DOS, Eng-Rus https://www.link.kg/catalog/1/41374345",*  34494.6 ⊆   *,382 $
" Ноутбук ASUS X509FA-BR952T Intel Core i3-10110U (4M Cache, up to 4,10 GHz) ,12GB DDR4,1TB HDD ,Intel UHD Graphics 620,15.6"" HD , Webcam,Wi-Fi ,Bluetooth ,Win10H, Silver [90NB0MZ1-M17820](*id 12) https://www.link.kg/catalog/1/41493250",*  33862.5 ⊆   *,375 $
" Ноутбук Lenovo V15 G2 Intel Core i3-1115G4 (up to 4.1Ghz), 12GB, 256GB SSD m.2 NVMe, Intel HD Graphics 620, 15.6"" FULL HD, WiFi, BT, Cam, USB Type-C, LAN RJ45, DOS, Eng-Rus, черный, сумка [82KB00Y8AK](*id 12) https://www.link.kg/catalog/1/41493119",*  33862.5 ⊆   *,375 $
" Acer Aspire 3 A315-58-37M9 Intel Core i3-1115G4 (up to 4.1GHz), 15.6"" LED FULL HD (1920 x 1080), 8GB, 256GB SSD PCIe? NVMe M.2, Intel UHD Graphics, WiFi, BT 5.0, Cam, LAN, RJ45, Eng-Rus, ELECTRIC BLUE https://www.link.kg/catalog/1/41488644",*  35939.4 ⊆   *,398 $
" Ноутбук Acer Aspire Black Intel Core i3-1005G1 (up to 3.4Ghz), 20GB, 500GB M.2 NVMe PCIe, Intel HD Graphics 620, 15.6"" LED FULL HD (1920x1080), WiFi, BT, Cam, LAN RJ45, DOS, Eng-Rus(*id 12) https://www.link.kg/catalog/1/41493294",*  34043.1 ⊆   *,377 $
" Acer Aspire 3 A315-58-37M9 Intel Core i3-1115G4 (up to 4.1GHz), 15.6"" LED FULL HD (1920 x 1080), 4GB, 1TB + 128GB SSD PCIe? NVMe M.2, Intel UHD Graphics, WiFi, BT 5.0, Cam, LAN, RJ45, Eng-Rus, ELECTRIC BLUE https://www.link.kg/catalog/1/41488639",*  36029.7 ⊆   *,399 $
" Lenovo Ideapad L3-15ITL6 Platinum Grey Intel Pentium Gold 7505 (1.8Ghz), 8GB, 500GB + 128GB M.2 NVMe PCIe, Intel UHD Graphics Xe G4 48EUs, 15.6"" IPS FULL HD (1920x1080), WiFi, BT, Cam, LAN RJ45, DOS, Eng-Rus https://www.link.kg/catalog/1/41374182",*  34675.2 ⊆   *,384 $
" Acer Aspire 3 A315-58-37M9 Intel Core i3-1115G4 (up to 4.1GHz), 15.6"" LED FULL HD (1920 x 1080), 12GB, 128GB SSD PCIe? NVMe M.2, Intel UHD Graphics, WiFi, BT 5.0, Cam, LAN, RJ45, Eng-Rus, ELECTRIC BLUE https://www.link.kg/catalog/1/41488641",*  36120 ⊆   *,400 $
" Asus ExpertBooK P1412CEA Intel Core i3-1115G4 (up to 4.1Ghz), 14"" LED FULL HD (1920 x 1080), 4GB DDR4-3200Mhz, 1TB + 256GB SSD PCIe NVMe, Intel UHD Graphics, WiFi 5, BT 4, USB Type-C, замок Kensington, Cam, Eng-Rus, SLATE GREY https://www.link.kg/catalog/1/41488466",*  36120 ⊆   *,400 $
" Ноутбук Asus X515EA Intel Core i3-1115G4 (up to 4.1Ghz), 15.6"" FULL HD, 8GB, 256GB SDD m.2 NVMe, Intel Iris Graphics Xe G7, WiFi 6, BT 5.2, Cam, DOS, серебро[90NB0TY2-M03PT0](*id 12) https://www.link.kg/catalog/1/41493237",*  34133.4 ⊆   *,378 $
" HP 250 G8 Black Intel Dual Core N4020 (up to 2.8Ghz), 16GB, 512GB SSD, Intel HD Graphics, 15.6"" LED HD, WiFi, BT, Cam, DOS, Eng-Rus https://www.link.kg/catalog/1/41374363",*  34765.5 ⊆   *,385 $
" Lenovo Ideapad S145-15AST Black A6-9225 (up to 3.00Ghz), 4GB DDR4, 256GB M.2 NVMe PCIe, AMD Radeon R7 M445 2GB, 15.6"" LED HD, WiFi, BT, Cam, DOS, Eng-Rus https://www.link.kg/catalog/1/41374215",*  34765.5 ⊆   *,385 $
" Lenovo Ideapad 3-15ADA05 Black Ryzen 3 3250U (up to 3.5Ghz), 4GB, 128GB M.2 NVMe PCIe, AMD Radeon RX Vega 3, 15.6"" LED, WiFi, BT, Cam, DOS, Eng-Rus https://www.link.kg/catalog/1/41374131",*  34765.5 ⊆   *,385 $
" HP 240 G8 Black Intel Pentium Quad Core N5030 (up to 3.1Ghz), 12GB, 512GB SSD, Intel HD Graphics, 14"" LED HD, WiFi, BT, Cam, DOS, Eng-Rus https://www.link.kg/catalog/1/41374330",*  34855.8 ⊆   *,386 $
" Ноутбук Lenovo V15 G2 ITL Intel Core i3-1115G4 (up to 4.1Ghz), 20GB, 500GB SSD, Intel UHD Graphics, 15.6"" FULL HD TN, WiFi, BT, LAN RJ45, DOS, Eng+Rus, черный [82KB0021AK](*id 12) https://www.link.kg/catalog/1/41493357",*  34223.7 ⊆   *,379 $
" Ноутбук Lenovo V15 G2 i3-1115G4 (up to 4.1Ghz), 8GB, 500GB SSD m.2 NVMe, Intel HD Graphics 620, 15.6"" FULL HD, WiFi, BT, Cam, USB Type-C, LAN RJ45, DOS, Eng-Rus,черный, сумка в комплекте [82KB00Y8AK](*id 12) https://www.link.kg/catalog/1/41493122",*  34223.7 ⊆   *,379 $
" Lenovo IdeaPad L340-15API ATHLON 300U 2.4-3.3GHz,4GB,1TB, 15.6""HD RUS BLACK ( СЦ) https://www.link.kg/catalog/1/41503180",*  34314 ⊆   *,380 $
" ASUS VivoBook F415E-AS31 Intel Core i3-1115G4 (up to 4.1GHz), 14"" LED FULL HD IPS (1920 x 1080), 4GB, 256GB SSD, Intel UHD Graphics, WiFi 5, BT 4.1, Fingerprint Scaner (Сканер отпечатка пальцев), USB-C, Backlight Chiclet Eng Keyboard, Eng-Rus, SLATE https://www.link.kg/catalog/1/41488482",*  36300.6 ⊆   *,402 $
" ASUS X540UB Gold Intel Core i3-7020U (up to 3.1Ghz), 4GB, 500GB, Nvidia Geforce MX110 2GB, 15.6"" LED FULL HD (1920x1080), WiFi, BT, Cam, DOS, Eng-Rus https://www.link.kg/catalog/1/41374526",*  34946.1 ⊆   *,387 $
" ASUS X540UB Silver Intel Core i3-7020U (up to 3.1Ghz), 4GB, 500GB, Nvidia Geforce MX110 2GB, 15.6"" LED FULL HD (1920x1080), WiFi, BT, Cam, DOS, Eng-Rus https://www.link.kg/catalog/1/41374510",*  34946.1 ⊆   *,387 $
" Lenovo Ideapad 3-15IML05 Platinum Grey Intel Pentium 6405U (2.4Ghz), 4GB, 128GB SSD, Nvidia GeForce MX130 2GB, 15.6"" LED HD, WiFi, BT, Cam, DOS, Eng-Rus https://www.link.kg/catalog/1/41374174",*  34946.1 ⊆   *,387 $
" Lenovo Ideapad L3-15ITL6 Platinum Grey Intel Pentium Gold 7505 (1.8Ghz), 8GB, 512GB M.2 NVMe PCIe, Intel UHD Graphics Xe G4 48EUs, 15.6"" IPS FULL HD (1920x1080), WiFi, BT, Cam, LAN RJ45, DOS, Eng-Rus https://www.link.kg/catalog/1/41374193",*  34946.1 ⊆   *,387 $
" Lenovo Ideapad 3-15ADA05 Black Ryzen 3 3250U (up to 3.5Ghz), 4GB, 1TB, AMD Radeon RX Vega 3, 15.6"" LED, WiFi, BT, Cam, DOS, Eng-Rus https://www.link.kg/catalog/1/41374136",*  34946.1 ⊆   *,387 $
" HP 240 G8 Black Intel Pentium Quad Core N5030 (up to 3.1Ghz), 12GB, 1TB + 256GB SSD, Intel HD Graphics, 14"" LED HD, WiFi, BT, Cam, DOS, Eng-Rus https://www.link.kg/catalog/1/41374324",*  35036.4 ⊆   *,388 $
" Ноутбук ASUS X543MA-DM1140 Intel Pentium Silver N5030 (1.10-3.10GHz), 4GB DDR4, 128GB SSD, Intel UHD Graphics 605, 15.6""FHD (1920x1080) LED, WiFi ac, BT 4.1, WC, CR, DOS, Русская клавиатура, Star Grey https://www.link.kg/catalog/1/41499778",*  35036.4 ⊆   *,388 $
" Ноутбук Lenovo V15 G2 ITL Intel Core i3-1115G4 (up to 4.1Ghz), 12GB, 1TB HDD+500GB SSD m.2 NVMe, Intel UHD Graphics, 15.6"" FULL HD TN, WiFi, BT, LAN RJ45, DOS, Eng+Rus, черный [82KB0021AK](*id 12) https://www.link.kg/catalog/1/41493370",*  34404.3 ⊆   *,381 $
" Ноутбук Dell Vostro 3510 Intel Core i3-1115G4 (3.00-4.10GHz), 4GB DDR4, 256GB SSD m.2 NVMe, Intel Iris Xe Graphics G4, 15.6"" HD, WiFi ac, BT 5.0, RJ-45, HD WC, CR, DOS, Eng-Rus(*id 12) https://www.link.kg/catalog/1/41493232",*  34404.3 ⊆   *,381 $
" ASUS VivoBook X515JA 15.6"" FHD i3-1005G1 1.2-3.4GHz,8GB,1TB+SSD 256GB, WIN11,RUS,SILVER https://www.link.kg/catalog/1/41503676",*  36120 ⊆   *,400 $
" Lenovo Ideapad L3-15ITL6 Platinum Grey Intel Pentium Gold 7505 (1.8Ghz), 8GB, 1TB + 256GB M.2 NVMe PCIe, Intel UHD Graphics Xe G4 48EUs, 15.6"" IPS FULL HD (1920x1080), WiFi, BT, Cam, LAN RJ45, DOS, Eng-Rus https://www.link.kg/catalog/1/41374187",*  35126.7 ⊆   *,389 $
" Lenovo Ideapad S145-15AST Black A6-9225 (up to 3.00Ghz), 8GB DDR4, 500GB, AMD Radeon R7 M445 2GB, 15.6"" LED HD, WiFi, BT, Cam, DOS, Eng-Rus https://www.link.kg/catalog/1/41374230",*  35217 ⊆   *,390 $
" Acer EX215-52-37SE i3-1005G1 1.2-3.4GHz,4GB, 1TB, 15.6""FHD,LAN,BLACK (12 СЦ) https://www.link.kg/catalog/1/41503282",*  34584.9 ⊆   *,383 $
" ASUS VivoBook F415E-AS31 Intel Core i3-1115G4 (up to 4.1GHz), 14"" LED FULL HD IPS (1920 x 1080), 8GB, 128GB SSD, Intel UHD Graphics, WiFi 5, BT 4.1, Fingerprint Scaner (Сканер отпечатка пальцев), USB-C, Backlight Chiclet Eng Keyboard, Eng-Rus, SLATE https://www.link.kg/catalog/1/41488485",*  36571.5 ⊆   *,405 $
" ASUS X540UB Silver Intel Core i3-7020U (up to 3.1Ghz), 4GB, 500GB, Intel HD Graphics 620, 15.6"" LED FULL HD (1920x1080), DVDRW, WiFi, BT, Cam, DOS, Eng-Rus https://www.link.kg/catalog/1/41374536",*  35217 ⊆   *,390 $
" Lenovo Ideapad 3-15IML05 Platinum Grey Intel Pentium 6405U (2.4Ghz), 4GB, 1TB, Nvidia GeForce MX130 2GB, 15.6"" LED HD, WiFi, BT, Cam, DOS, Eng-Rus https://www.link.kg/catalog/1/41374177",*  35217 ⊆   *,390 $
" Lenovo V15 GEN2 ITL Black Intel Core i3-1115G4 (up to 4.1Ghz), 12GB, 256GB M.2 NVMe PCIe, Intel UHD Graphics Xe G4 48EUs, 15.6"" LED FULL HD (1920x1080), WiFi, BT, Cam, DOS, Eng-Rus + BAG (сумка в комплекте) https://www.link.kg/catalog/1/41374057",*  35217 ⊆   *,390 $
" Acer EX215-52-38SC i3-1005G1 1.2-3.4GHz,4GB, SSD 128GB, 15.6""FHD,LAN,BLACK (12 СЦ) https://www.link.kg/catalog/1/41503273",*  34675.2 ⊆   *,384 $
" Ноутбук Lenovo IdeaPad 3 14IIL05 Intel Core i3-1005G1 (1.20-3.40GHz), 8GB DDR4, 500GB SSD m.2 NVMe, Intel UHD Graphics, 14 ""FHD (1920x1080) IPS, WiFi ac, BT 5.0, CR, WC, Win 11 ENG Home in S mode, Eng-Ru, Platinum Grey [81WD010UUS](*id 12) https://www.link.kg/catalog/1/41493178",*  34675.2 ⊆   *,384 $
" ASUS X540UB Gold Intel Core i3-7020U (up to 3.1Ghz), 4GB, 1TB, Nvidia Geforce MX110 2GB, 15.6"" LED FULL HD (1920x1080), WiFi, BT, Cam, DOS, Eng-Rus https://www.link.kg/catalog/1/41374525",*  35307.3 ⊆   *,391 $
" HP 250 G8 Black Intel Dual Core N4020 (up to 2.8Ghz), 16GB, 1TB + 256GB SSD, Intel HD Graphics, 15.6"" LED HD, WiFi, BT, Cam, DOS, Eng-Rus https://www.link.kg/catalog/1/41374346",*  35397.6 ⊆   *,392 $
" Ноутбук ASUS X509FA-BR952T Intel Core i3-10110U (4M Cache, up to 4,10 GHz) ,12GB DDR4, 500GB SSD ,Intel UHD Graphics 620,15.6"" HD , Webcam,Wi-Fi ,Bluetooth ,Win10H, Silver [90NB0MZ1-M17820](*id 12) https://www.link.kg/catalog/1/41493251",*  34765.5 ⊆   *,385 $
" Lenovo Ideapad 3-15IML05 Platinum Grey Intel Pentium 6405U (2.4Ghz), 4GB, 256GB SSD, Nvidia GeForce MX130 2GB, 15.6"" LED HD, WiFi, BT, Cam, DOS, Eng-Rus https://www.link.kg/catalog/1/41374175",*  35397.6 ⊆   *,392 $
" Lenovo Ideapad L3-15ITL6 Platinum Grey Intel Pentium Gold 7505 (1.8Ghz), 12GB, 512GB M.2 NVMe PCIe, Intel UHD Graphics Xe G4 48EUs, 15.6"" IPS FULL HD (1920x1080), WiFi, BT, Cam, LAN RJ45, DOS, Eng-Rus https://www.link.kg/catalog/1/41374196",*  35397.6 ⊆   *,392 $
" Acer EX215-52-38SC i3-1005G1 1.2-3.4GHz,4GB, 500GB, 15.6""FHD,LAN,BLACK (12 СЦ) https://www.link.kg/catalog/1/41503276",*  34855.8 ⊆   *,386 $
" Ноутбук Lenovo V15 G2 ITL Intel Core i3-1115G4 (up to 4.1Ghz), 12GB, 1TB SSD, Intel UHD Graphics, 15.6"" FULL HD TN, WiFi, BT, LAN RJ45, DOS, Eng+Rus, черный [82KB0021AK](*id 12) https://www.link.kg/catalog/1/41493369",*  34855.8 ⊆   *,386 $
" Acer Aspire 3 A315-58-37M9 Intel Core i3-1115G4 (up to 4.1GHz), 15.6"" LED FULL HD (1920 x 1080), 4GB, 1TB + 256GB SSD PCIe? NVMe M.2, Intel UHD Graphics, WiFi, BT 5.0, Cam, LAN, RJ45, Eng-Rus, ELECTRIC BLUE https://www.link.kg/catalog/1/41488629",*  36842.4 ⊆   *,408 $
" Asus ExpertBooK P1412CEA Intel Core i3-1115G4 (up to 4.1Ghz), 14"" LED FULL HD (1920 x 1080), 20GB DDR4-3200Mhz, 1TB, Intel UHD Graphics, WiFi 5, BT 4, USB Type-C, замок Kensington, Cam, Eng-Rus, SLATE GREY https://www.link.kg/catalog/1/41488514",*  36842.4 ⊆   *,408 $
" Ноутбук HP 15s-FQ5000 Intel Core i3-1215U (up to 4.4Ghz), 4GB, 256GB SSD, Intel UHD Graphics, без привода, 15.6"" HD (1366х768), WiFi, BT, Cam, DOS, Black(*id 12) https://www.link.kg/catalog/1/41493199",*  34855.8 ⊆   *,386 $
" Lenovo V15 GEN2 ITL Black Intel Core i3-1115G4 (up to 4.1Ghz), 8GB, 1TB, Intel UHD Graphics Xe G4 48EUs, 15.6"" LED FULL HD (1920x1080), WiFi, BT, Cam, DOS, Eng-Rus + BAG (сумка в комплекте) https://www.link.kg/catalog/1/41374070",*  35487.9 ⊆   *,393 $
" AsusPRO P1440FA-BV3736 Intel Core i3-10110U (up to 4.1Ghz), 14"" HD (1366х768), 16GB, 512GB SSD PCIe NVMe M.2, Intel HD Graphics 620, WiFi 6, BT 5.0, Cam, LAN, RJ45, VGA, HDMI, замок Kensington, Fingerprint Scaner (Сканер отпечатка пальцев), Eng-Rus, https://www.link.kg/catalog/1/41488384",*  36932.7 ⊆   *,409 $
" Acer Aspire A315-35 Silver Intel N4500 (up to 2.8Ghz), 8GB, 1TB + 256GB M.2 NVMe PCIe, Intel HD Graphics, 15.6"" LED FULL HD (1920x1080), WiFi, LAN RJ45, BT, Cam, DOS, Eng-Rus https://www.link.kg/catalog/1/41375121",*  35668.5 ⊆   *,395 $
" Acer Aspire A315-56 Black Intel Core i3-1005G1 (up to 3.4Ghz), 4GB, 500GB, Intel HD Graphics 620, 15.6"" LED HD, WiFi, BT, Cam, LAN RJ45, DOS, Eng-Rus https://www.link.kg/catalog/1/41375068",*  35668.5 ⊆   *,395 $
" Ноутбук Lenovo IdeaPad 1 14IAU7, Intel Core i3-1215U (up to 4.4Ghz), 12GB, 256GB SSD M.2 NVMe, Intel UHD Graphics, без привода, 14.0"" HD LED, WiFi, BT, Cam, Win11H S, серебро [82QC003VUS](*id 12) https://www.link.kg/catalog/1/41493195",*  35036.4 ⊆   *,388 $
" HP 250 G8 Black Intel Dual Core N4020 (up to 2.8Ghz), 12GB, 1TB + 512GB SSD, Intel HD Graphics, 15.6"" LED HD, WiFi, BT, Cam, DOS, Eng-Rus https://www.link.kg/catalog/1/41374353",*  35668.5 ⊆   *,395 $
" Lenovo Ideapad 3-15IML05 Platinum Grey Intel Pentium 6405U (2.4Ghz), 4GB, 256GB M.2 NVMe PCIe, Nvidia GeForce MX130 2GB, 15.6"" LED HD, WiFi, BT, Cam, DOS, Eng-Rus https://www.link.kg/catalog/1/41374172",*  35668.5 ⊆   *,395 $
" Lenovo V15 GEN2 ITL Black Intel Core i3-1115G4 (up to 4.1Ghz), 8GB, 500GB, Intel UHD Graphics Xe G4 48EUs, 15.6"" LED FULL HD (1920x1080), WiFi, BT, Cam, DOS, Eng-Rus + BAG (сумка в комплекте) https://www.link.kg/catalog/1/41374071",*  35668.5 ⊆   *,395 $
" Acer EX215-52-38SC i3-1005G1 1.2-3.4GHz,4GB, 1TB, 15.6""FHD,LAN,BLACK (12 СЦ) https://www.link.kg/catalog/1/41503277",*  35126.7 ⊆   *,389 $
" AsusPRO P1440FA-BV3736 Intel Core i3-10110U (up to 4.1Ghz), 14"" HD (1366х768), 16GB, 1TB + 128GB SSD PCIe NVMe M.2, Intel HD Graphics 620, WiFi 6, BT 5.0, Cam, LAN, RJ45, VGA, HDMI, замок Kensington, Fingerprint Scaner (Сканер отпечатка пальцев), Eng https://www.link.kg/catalog/1/41488522",*  37113.3 ⊆   *,411 $
" Ноутбук ASUS X509FA-BR952T Intel Core i3-10110U (4M Cache, up to 4,10 GHz) ,20GB DDR4,1TB HDD ,Intel UHD Graphics 620,15.6"" HD , Webcam,Wi-Fi ,Bluetooth ,Win10H, Silver [90NB0MZ1-M17820](*id 12) https://www.link.kg/catalog/1/41493244",*  35126.7 ⊆   *,389 $
" новая позиция6Ноутбук Acer Aspire 5 A515-56-32DK Intel Core i3-1115G4 (up to 4.1GHz), 15.6"" LED FULL HD (1920 x 1080) IPS, 4GB, 128GB SSD m.2 NVMe, UMA, WiFi, BT, Cam, LAN, RJ45, Win11Hs, серебристый(*id 12) https://www.link.kg/catalog/1/41493308",*  35217 ⊆   *,390 $
" Ноутбук Lenovo V15 G2 Intel Core i3-1115G4 (up to 4.1Ghz), 20GB, 256GB SSD m.2 NVMe, Intel HD Graphics 620, 15.6"" FULL HD, WiFi, BT, Cam, USB Type-C, LAN RJ45, DOS, Eng-Rus, черный, сумка [82KB00Y8AK](*id 12) https://www.link.kg/catalog/1/41493891",*  35217 ⊆   *,390 $
" ASUS X540UB Gold Intel Core i3-7020U (up to 3.1Ghz), 4GB, 256GB SSD, Nvidia Geforce MX110 2GB, 15.6"" LED FULL HD (1920x1080), WiFi, BT, Cam, DOS, Eng-Rus https://www.link.kg/catalog/1/41374524",*  35849.1 ⊆   *,397 $
" Acer Aspire A315-23-R3PE AMD Ryzen 5 3500U (4 ядра, 8 потоков up to 3.7Ghz), 15.6"" LED FULL HD (1920 x 1080), 4GB, 120GB SSD, AMD Radeon RX Vega 8 Graphics, WiFi, BT, Cam, LAN, RJ45, DOS, Eng-Rus, BLACK https://www.link.kg/catalog/1/41488618",*  37293.9 ⊆   *,413 $
" Asus ExpertBooK P1412CEA Intel Core i3-1115G4 (up to 4.1Ghz), 14"" LED FULL HD (1920 x 1080), 12GB DDR4-3200Mhz, 1TB + 128GB SSD PCIe NVMe, Intel UHD Graphics, WiFi 5, BT 4, USB Type-C, замок Kensington, Cam, Eng-Rus, SLATE GREY https://www.link.kg/catalog/1/41488492",*  37293.9 ⊆   *,413 $
" Asus ExpertBooK P1412CEA Intel Core i3-1115G4 (up to 4.1Ghz), 14"" LED FULL HD (1920 x 1080), 8GB DDR4-3200Mhz, 1TB + 256GB SSD PCIe NVMe, Intel UHD Graphics, WiFi 5, BT 4, USB Type-C, замок Kensington, Cam, Eng-Rus, SLATE GREY https://www.link.kg/catalog/1/41488467",*  37293.9 ⊆   *,413 $
" ASUS X540UB Silver Intel Core i3-7020U (up to 3.1Ghz), 4GB, 128GB SSD, Intel HD Graphics 620, 15.6"" LED FULL HD (1920x1080), DVDRW, WiFi, BT, Cam, DOS, Eng-Rus https://www.link.kg/catalog/1/41374537",*  35939.4 ⊆   *,398 $
" HP 240 G8 Black Intel Pentium Quad Core N5030 (up to 3.1Ghz), 16GB, 1TB + 128GB SSD, Intel HD Graphics, 14"" LED HD, WiFi, BT, Cam, DOS, Eng-Rus https://www.link.kg/catalog/1/41374317",*  35939.4 ⊆   *,398 $
" Lenovo Ideapad 3-15IML05 Platinum Grey Intel Pentium 6405U (2.4Ghz), 8GB, 500GB, Nvidia GeForce MX130 2GB, 15.6"" LED HD, WiFi, BT, Cam, DOS, Eng-Rus https://www.link.kg/catalog/1/41374178",*  35939.4 ⊆   *,398 $
" Ноутбук HP 14-dq2032 Intel Core i3-1115G4 (3.0GHz-4.1GHz),8GB DDR4, 256GB SSD PCIe NVMe,Intel UHD Graphs,14"" HD(1366x768) Touchscr,WiFi ac,BT,HD Cam,Finger-t,Keyb(Eng),Win11,Nat Silv[66D27UA#ABA](*id 12) https://www.link.kg/catalog/1/41493209",*  35397.6 ⊆   *,392 $
" Ноутбук Acer Aspire 3 A315-59-35KV Slim Intel i3-1215U (3.30-4.40Ghz), 4GB, 256GB PCIe NVMe SSD, 15.6"" FHD IPS SlimBezel, WiFi, Bluetooth, DOS [NX.K6SER.001](*id 12) https://www.link.kg/catalog/1/41493311",*  35487.9 ⊆   *,393 $
" ASUS VivoBook F415E-AS31 Intel Core i3-1115G4 (up to 4.1GHz), 14"" LED FULL HD IPS (1920 x 1080), 12GB, 1TB, Intel UHD Graphics, WiFi 5, BT 4.1, Fingerprint Scaner (Сканер отпечатка пальцев), USB-C, Backlight Chiclet Eng Keyboard, Eng-Rus, SLATE GREY https://www.link.kg/catalog/1/41488488",*  37474.5 ⊆   *,415 $
" Ноутбук Asus VivoBook 14 (X413JA-211.VBWB) 14"" FHD WVA(IPS), i3-1005G1 (1.2GHz-3.4GHz), 4GB DDR4, 128GB SSD NVMe+ 1000GB SSD m.2 NVMe, UHD Graphics G1, USB-C, WiFiac, BT, HDWC, (Eng+Rus), Win10 Home, Dreamy White(*id 12) https://www.link.kg/catalog/1/41493276",*  35487.9 ⊆   *,393 $
" ASUS VivoBook F415E-AS31 Intel Core i3-1115G4 (up to 4.1GHz), 14"" LED FULL HD IPS (1920 x 1080), 12GB, 128GB SSD, Intel UHD Graphics, WiFi 5, BT 4.1, Fingerprint Scaner (Сканер отпечатка пальцев), USB-C, Backlight Chiclet Eng Keyboard, Eng-Rus, SLATE https://www.link.kg/catalog/1/41488484",*  37474.5 ⊆   *,415 $
" Asus ExpertBooK P1412CEA Intel Core i3-1115G4 (up to 4.1Ghz), 14"" LED FULL HD (1920 x 1080), 4GB DDR4-3200Mhz, 1TB + 512GB SSD PCIe NVMe, Intel UHD Graphics, WiFi 5, BT 4, USB Type-C, замок Kensington, Cam, Eng-Rus, SLATE GREY https://www.link.kg/catalog/1/41488470",*  37474.5 ⊆   *,415 $
" Ноутбук ASUS X509FA-BR952T Intel Core i3-10110U (4M Cache, up to 4,10 GHz) ,12GB DDR4,1TB HDD+256GB SSD m.2 NVMe, Intel UHD Graph 620,15.6"" HD, Webcam,Wi-Fi ,Bluetooth ,Win10H, Silver[90NB0MZ1-M17820](*id 12) https://www.link.kg/catalog/1/41493249",*  35487.9 ⊆   *,393 $
" Lenovo Ideapad S145-15AST Black A6-9225 (up to 3.00Ghz), 8GB DDR4, 256GB SSD, AMD Radeon R7 M445 2GB, 15.6"" LED HD, WiFi, BT, Cam, DOS, Eng-Rus https://www.link.kg/catalog/1/41374214",*  36120 ⊆   *,400 $
" Lenovo Ideapad S145 Black Ryzen 3 3200U (up to 3.5Ghz), 4GB, 128GB M.2 NVMe PCIe, AMD Radeon RX Vega 3, 15.6"" LED, WiFi, BT, Cam, DOS, Eng-Rus https://www.link.kg/catalog/1/41374152",*  36120 ⊆   *,400 $
" Lenovo Ideapad 3 15ITL6 Arctic Grey Intel Core i3-1115G4 (up to 4.1Ghz), 4GB, 500GB, Intel UHD Graphics Xe G4 48EUs, 15.6"" IPS FULL HD (1920x1080), WiFi, BT, Cam, DOS, Eng-Rus https://www.link.kg/catalog/1/41374027",*  36120 ⊆   *,400 $
" HP 240 G8 Black Intel Pentium Quad Core N5030 (up to 3.1Ghz), 16GB, 512GB SSD, Intel HD Graphics, 14"" LED HD, WiFi, BT, Cam, DOS, Eng-Rus https://www.link.kg/catalog/1/41374332",*  36210.3 ⊆   *,401 $
" Ноутбук DELL Vostro 3400 14"" HD i3-1115G4 1.7-4.1GHz, 16GB, 512GB SSD m.2 NVMe, Webcam, Wi-Fi, Bluetooth, Eng-Rus, LAN, RJ-45, серый(*id 12) https://www.link.kg/catalog/1/41493235",*  35578.2 ⊆   *,394 $
" Lenovo Ideapad 3-15IML05 Platinum Grey Intel Pentium 6405U (2.4Ghz), 8GB, 1TB, Nvidia GeForce MX130 2GB, 15.6"" LED HD, WiFi, BT, Cam, DOS, Eng-Rus https://www.link.kg/catalog/1/41374173",*  36210.3 ⊆   *,401 $
" новая позиция4Acer Aspire 3 A315-59 i3-1215U 1.2-4.4GHz,8GB,SSD 512GB,15.6""FHD IPS RUS MOONSTONE PURPLE (12 СЦ) https://www.link.kg/catalog/1/41503251",*  35668.5 ⊆   *,395 $
